RecordID,Date,Competitor,MarketShare,Trend
1,2024-01-24 18:46:33.435790,Competitor C,23.67,Rising
2,2024-02-21 17:27:00.329906,Competitor C,24.18,Rising
3,2024-02-16 20:25:57.947522,Competitor A,32.69,Stable
4,2024-04-07 19:16:11.819969,Competitor A,30.03,Declining
5,2024-02-11 18:30:07.935389,Competitor C,26.77,Declining
6,2024-03-14 17:28:45.112440,Competitor B,44.46,Rising
7,2024-01-05 13:03:53.599425,Competitor A,14.8,Stable
8,2024-01-15 21:03:24.401688,Competitor C,28.67,Declining
9,2024-02-14 08:48:59.025379,Competitor A,48.91,Declining
10,2024-01-09 15:41:26.626169,Competitor A,42.94,Rising
11,2024-03-02 14:30:23.575030,Competitor B,32.8,Declining
12,2024-01-14 21:47:34.530969,Competitor B,15.29,Declining
13,2024-04-23 08:30:41.426600,Competitor C,41.5,Rising
14,2024-03-21 15:46:40.724323,Competitor B,36.46,Declining
15,2024-02-19 20:59:33.090169,Competitor A,35.85,Rising
16,2024-02-18 06:57:24.944837,Competitor B,41.07,Stable
17,2024-03-28 11:08:14.998135,Competitor C,12.17,Declining
18,2024-03-08 00:38:55.168233,Competitor C,39.19,Stable
19,2024-04-12 15:29:43.045506,Competitor C,30.72,Declining
20,2024-01-20 18:43:51.194990,Competitor A,11.7,Stable
21,2024-04-16 00:38:06.581592,Competitor B,46.04,Declining
22,2024-02-11 07:27:41.848644,Competitor A,28.61,Declining
23,2024-03-27 06:42:27.824208,Competitor B,33.71,Rising
24,2024-03-14 05:44:40.640872,Competitor A,45.47,Rising
25,2024-01-08 04:32:48.046989,Competitor C,13.85,Declining
26,2024-02-27 17:37:09.960652,Competitor C,13.32,Rising
27,2024-03-30 21:33:31.255700,Competitor C,13.32,Declining
28,2024-01-21 18:31:11.799263,Competitor B,43.92,Stable
29,2024-01-15 19:30:08.195215,Competitor B,16.24,Rising
30,2024-04-11 04:00:57.977705,Competitor A,27.89,Declining
31,2024-04-12 01:58:15.422403,Competitor B,27.68,Rising
32,2024-03-03 14:45:18.853535,Competitor C,17.9,Rising
33,2024-01-28 18:26:16.090813,Competitor B,32.98,Stable
34,2024-04-13 00:06:21.485175,Competitor C,29.11,Stable
35,2024-03-30 06:49:02.259376,Competitor A,33.24,Declining
36,2024-04-13 20:36:56.207695,Competitor A,19.23,Stable
37,2024-02-24 23:59:30.095735,Competitor B,16.51,Rising
38,2024-01-04 20:51:56.327903,Competitor A,19.34,Declining
39,2024-03-13 06:23:56.961841,Competitor B,48.92,Stable
40,2024-01-30 20:26:16.513237,Competitor C,43.34,Stable
41,2024-03-25 15:43:18.747746,Competitor B,33.57,Declining
42,2024-02-19 09:45:38.973297,Competitor A,48.8,Declining
43,2024-02-13 19:46:54.440690,Competitor B,18.26,Declining
44,2024-04-10 10:06:49.971359,Competitor A,23.3,Declining
45,2024-03-21 13:20:01.896975,Competitor C,15.2,Stable
46,2024-01-25 21:28:24.273129,Competitor B,21.23,Declining
47,2024-01-23 13:30:59.768696,Competitor C,46.91,Stable
48,2024-04-01 19:08:55.956384,Competitor A,17.49,Declining
49,2024-04-14 12:33:25.841712,Competitor B,29.34,Stable
50,2024-04-27 20:24:10.165453,Competitor C,38.26,Rising
51,2024-02-02 03:10:49.607908,Competitor B,38.6,Declining
52,2024-02-20 08:43:36.018537,Competitor C,14.18,Declining
53,2024-03-19 06:42:44.541116,Competitor C,47.97,Declining
54,2024-03-26 10:02:55.565989,Competitor B,43.62,Stable
55,2024-04-28 16:23:17.757600,Competitor B,20.04,Rising
56,2024-02-14 15:52:15.568404,Competitor B,23.83,Declining
57,2024-01-14 15:11:04.699932,Competitor B,11.36,Rising
58,2024-01-03 00:36:55.208026,Competitor A,26.04,Declining
59,2024-04-19 05:49:03.764150,Competitor A,35.83,Declining
60,2024-02-22 15:42:08.851879,Competitor A,37.89,Rising
61,2024-04-08 05:49:53.519054,Competitor C,17.92,Stable
62,2024-01-20 16:53:53.811126,Competitor A,38.74,Rising
63,2024-04-05 11:59:49.308322,Competitor B,10.57,Stable
64,2024-03-16 03:02:10.079035,Competitor C,28.42,Stable
65,2024-02-05 21:47:45.489443,Competitor A,39.08,Rising
66,2024-01-23 04:29:33.125155,Competitor B,17.91,Declining
67,2024-01-25 14:11:50.143898,Competitor C,48.32,Rising
68,2024-03-17 23:49:15.810613,Competitor C,29.55,Rising
69,2024-04-24 20:46:57.473811,Competitor B,21.99,Stable
70,2024-04-29 11:59:20.922408,Competitor B,33.17,Rising
71,2024-02-23 22:22:45.943578,Competitor B,10.39,Stable
72,2024-04-11 21:20:11.389768,Competitor A,47.73,Declining
73,2024-03-12 19:30:10.392867,Competitor C,37.81,Rising
74,2024-02-25 18:07:16.990271,Competitor C,10.35,Stable
75,2024-02-13 04:44:05.754175,Competitor C,24.94,Stable
76,2024-04-24 11:42:05.284429,Competitor C,45.83,Rising
77,2024-04-25 01:46:39.965515,Competitor C,24.0,Stable
78,2024-02-19 10:03:43.501866,Competitor A,14.98,Stable
79,2024-03-08 01:04:54.826362,Competitor A,30.53,Declining
80,2024-03-26 11:57:49.387093,Competitor B,43.87,Rising
81,2024-02-12 20:16:31.831719,Competitor B,37.25,Stable
82,2024-02-22 01:38:57.875600,Competitor B,40.99,Declining
83,2024-02-22 22:56:47.421604,Competitor C,16.43,Declining
84,2024-04-17 06:54:06.458941,Competitor A,32.2,Declining
85,2024-02-20 13:00:21.090933,Competitor B,44.94,Rising
86,2024-01-11 08:13:34.766483,Competitor A,30.88,Declining
87,2024-01-10 18:51:25.739576,Competitor B,17.29,Declining
88,2024-01-02 18:34:45.108773,Competitor B,22.14,Declining
89,2024-02-23 05:30:19.555692,Competitor A,45.25,Rising
90,2024-04-04 17:15:41.481107,Competitor A,30.51,Rising
91,2024-03-06 13:20:45.519239,Competitor C,36.82,Declining
92,2024-03-24 21:00:01.911658,Competitor C,42.28,Declining
93,2024-01-14 01:51:30.684095,Competitor B,35.98,Rising
94,2024-01-25 06:17:25.287964,Competitor A,21.46,Stable
95,2024-01-27 08:41:14.976674,Competitor B,35.98,Rising
96,2024-04-17 16:43:04.410126,Competitor A,40.02,Stable
97,2024-02-05 12:30:31.144767,Competitor B,47.98,Stable
98,2024-03-08 19:41:00.809801,Competitor C,24.55,Stable
99,2024-02-21 00:59:35.723138,Competitor A,36.37,Stable
100,2024-01-21 09:39:48.090174,Competitor C,19.48,Declining
101,2024-04-17 23:53:19.837643,Competitor C,48.12,Stable
102,2024-01-31 09:44:47.139280,Competitor A,46.98,Rising
103,2024-04-04 12:08:17.470229,Competitor C,46.58,Declining
104,2024-02-08 05:49:14.343987,Competitor A,15.1,Declining
105,2024-03-30 22:37:09.856656,Competitor A,18.3,Declining
106,2024-04-22 12:45:03.770579,Competitor C,29.57,Stable
107,2024-01-01 22:59:07.402245,Competitor B,46.59,Rising
108,2024-03-15 16:09:18.853079,Competitor C,20.29,Declining
109,2024-03-29 09:23:06.187744,Competitor A,44.5,Stable
110,2024-01-11 14:02:42.720303,Competitor B,13.99,Stable
111,2024-04-04 18:15:51.935005,Competitor B,42.47,Declining
112,2024-03-12 17:30:05.953475,Competitor C,48.81,Declining
113,2024-04-27 11:25:59.049042,Competitor A,21.76,Declining
114,2024-03-03 11:59:51.171690,Competitor A,23.32,Stable
115,2024-02-29 01:46:49.856608,Competitor C,19.44,Rising
116,2024-03-12 02:16:17.398116,Competitor B,49.69,Rising
117,2024-01-12 07:02:24.413579,Competitor C,17.05,Rising
118,2024-01-27 22:29:02.715049,Competitor B,26.49,Rising
119,2024-03-10 05:54:21.070566,Competitor A,31.78,Declining
120,2024-02-16 04:56:34.660451,Competitor C,22.29,Declining
121,2024-04-11 11:21:09.292800,Competitor C,33.82,Stable
122,2024-03-08 13:39:28.264230,Competitor C,48.24,Declining
123,2024-03-30 04:17:43.410674,Competitor C,14.27,Rising
124,2024-03-08 05:49:48.621267,Competitor A,29.63,Declining
125,2024-04-14 12:23:34.255968,Competitor B,26.02,Stable
126,2024-03-26 06:29:59.698604,Competitor A,40.1,Stable
127,2024-04-07 16:06:35.799436,Competitor C,23.88,Rising
128,2024-02-16 01:39:10.522916,Competitor A,26.49,Stable
129,2024-01-12 06:15:01.642337,Competitor C,41.82,Stable
130,2024-03-04 07:41:43.447578,Competitor B,26.54,Stable
131,2024-02-05 22:43:51.558327,Competitor A,17.66,Declining
132,2024-03-31 00:31:48.885372,Competitor B,29.46,Rising
133,2024-02-24 07:14:04.317901,Competitor B,12.96,Stable
134,2024-04-24 14:36:45.461512,Competitor A,36.64,Rising
135,2024-04-03 07:39:05.089857,Competitor A,30.58,Rising
136,2024-03-16 01:41:02.578235,Competitor B,21.48,Declining
137,2024-03-06 23:50:56.407194,Competitor A,44.24,Stable
138,2024-01-26 00:54:51.511236,Competitor B,23.81,Rising
139,2024-04-26 09:16:25.867375,Competitor C,37.59,Stable
140,2024-01-28 13:15:37.116318,Competitor C,26.46,Rising
141,2024-03-04 07:59:18.078773,Competitor A,12.7,Stable
142,2024-04-25 22:05:30.946086,Competitor C,37.0,Stable
143,2024-03-01 15:55:38.641634,Competitor B,49.72,Declining
144,2024-02-03 00:24:42.028420,Competitor C,48.21,Stable
145,2024-01-17 11:06:43.878416,Competitor C,36.75,Rising
146,2024-04-03 03:07:42.964297,Competitor B,45.1,Rising
147,2024-02-11 13:33:19.409167,Competitor C,24.5,Rising
148,2024-01-16 13:51:33.921850,Competitor B,30.39,Stable
149,2024-03-10 03:18:04.577935,Competitor C,36.15,Rising
150,2024-03-07 00:00:37.660336,Competitor C,47.32,Rising
151,2024-01-29 08:05:08.573024,Competitor C,40.07,Declining
152,2024-03-28 03:25:40.239450,Competitor C,36.08,Stable
153,2024-01-16 04:24:16.037583,Competitor B,29.75,Declining
154,2024-01-06 17:47:56.630003,Competitor B,15.54,Stable
155,2024-04-19 03:20:23.896232,Competitor A,26.94,Rising
156,2024-03-28 12:27:43.370877,Competitor A,11.13,Rising
157,2024-01-26 07:29:11.581656,Competitor A,12.39,Stable
158,2024-03-22 13:21:00.607753,Competitor B,28.44,Rising
159,2024-01-10 12:02:24.449508,Competitor C,49.13,Stable
160,2024-02-04 00:54:01.575964,Competitor C,38.53,Declining
161,2024-02-07 04:09:26.251135,Competitor A,48.71,Stable
162,2024-01-19 18:14:37.916805,Competitor C,41.57,Rising
163,2024-02-11 00:52:02.374942,Competitor B,27.64,Declining
164,2024-04-19 18:16:12.776937,Competitor C,14.87,Stable
165,2024-02-21 14:05:15.768013,Competitor C,47.77,Declining
166,2024-03-21 22:17:14.070842,Competitor B,10.27,Rising
167,2024-04-02 10:21:39.263969,Competitor A,12.65,Declining
168,2024-04-05 14:29:55.283955,Competitor C,23.62,Declining
169,2024-02-19 21:33:05.588153,Competitor A,25.31,Stable
170,2024-04-26 12:52:46.656213,Competitor C,41.71,Rising
171,2024-04-18 04:32:09.433448,Competitor B,41.98,Rising
172,2024-03-25 20:55:51.482259,Competitor B,42.62,Stable
173,2024-02-02 12:59:51.215672,Competitor A,33.53,Declining
174,2024-02-15 11:48:35.061481,Competitor A,38.73,Declining
175,2024-03-10 16:20:01.846298,Competitor B,28.82,Rising
176,2024-03-25 05:06:52.932361,Competitor B,34.5,Stable
177,2024-03-09 00:26:55.666421,Competitor A,47.03,Rising
178,2024-02-28 07:53:34.200727,Competitor B,44.38,Rising
179,2024-03-08 00:39:27.226146,Competitor C,19.99,Declining
180,2024-04-07 16:38:55.194843,Competitor A,49.28,Declining
181,2024-01-19 18:18:51.317288,Competitor B,25.74,Stable
182,2024-01-30 03:52:03.864782,Competitor C,35.01,Stable
183,2024-04-24 21:59:20.300343,Competitor B,26.59,Declining
184,2024-02-03 02:01:48.699074,Competitor A,24.7,Declining
185,2024-01-05 03:40:09.885469,Competitor C,23.44,Rising
186,2024-04-02 16:14:38.535351,Competitor B,10.45,Declining
187,2024-03-19 07:25:39.471281,Competitor B,49.54,Rising
188,2024-02-11 18:03:07.833025,Competitor A,33.68,Rising
189,2024-04-01 16:47:42.292645,Competitor A,47.88,Stable
190,2024-01-20 10:11:23.357955,Competitor B,41.36,Rising
191,2024-01-14 20:36:00.587276,Competitor A,26.54,Rising
192,2024-04-03 01:57:23.976429,Competitor A,24.04,Stable
193,2024-01-26 11:24:10.314640,Competitor A,49.21,Stable
194,2024-03-06 16:37:02.697798,Competitor A,13.07,Declining
195,2024-01-10 01:25:58.379315,Competitor C,19.7,Declining
196,2024-01-08 16:43:33.211340,Competitor C,40.19,Rising
197,2024-04-13 01:31:54.833833,Competitor C,31.25,Stable
198,2024-01-14 00:20:18.069221,Competitor B,48.63,Stable
199,2024-01-18 05:36:54.449964,Competitor C,27.93,Declining
200,2024-04-27 01:54:49.159999,Competitor C,12.07,Stable
201,2024-03-31 14:39:17.762843,Competitor C,20.52,Stable
202,2024-04-24 15:21:18.870326,Competitor C,46.23,Stable
203,2024-04-16 10:21:47.869149,Competitor A,32.16,Stable
204,2024-01-21 09:15:58.045603,Competitor A,30.43,Rising
205,2024-02-08 02:02:06.846156,Competitor A,31.03,Stable
206,2024-01-09 18:41:54.353520,Competitor A,12.26,Declining
207,2024-01-19 19:04:54.899788,Competitor B,30.02,Declining
208,2024-01-29 22:12:14.599984,Competitor C,18.09,Stable
209,2024-02-25 07:50:55.885169,Competitor A,25.15,Declining
210,2024-02-09 03:01:14.476605,Competitor A,40.12,Rising
211,2024-04-22 02:16:45.990079,Competitor A,28.7,Rising
212,2024-02-16 04:19:19.700050,Competitor C,25.23,Declining
213,2024-04-20 06:29:28.572630,Competitor A,18.46,Rising
214,2024-03-02 06:49:33.276309,Competitor A,28.82,Stable
215,2024-01-10 15:11:35.411795,Competitor B,19.72,Declining
216,2024-03-20 01:52:28.407174,Competitor B,25.92,Stable
217,2024-02-01 08:38:51.891359,Competitor A,24.34,Rising
218,2024-02-22 07:39:54.278094,Competitor A,49.9,Declining
219,2024-01-25 11:36:03.294994,Competitor A,11.07,Rising
220,2024-02-15 15:19:24.739763,Competitor A,47.6,Rising
221,2024-04-27 21:29:22.569625,Competitor A,14.33,Declining
222,2024-02-24 20:08:50.612706,Competitor C,46.63,Declining
223,2024-04-29 07:47:56.428331,Competitor B,43.14,Declining
224,2024-04-25 10:19:32.149799,Competitor C,34.12,Rising
225,2024-03-06 19:05:45.828165,Competitor C,17.43,Declining
226,2024-04-10 02:46:31.235900,Competitor A,24.19,Declining
227,2024-03-29 22:45:23.448845,Competitor C,10.67,Rising
228,2024-03-26 15:32:48.182012,Competitor B,43.21,Stable
229,2024-02-18 02:01:03.286885,Competitor A,48.93,Stable
230,2024-01-31 01:32:55.816394,Competitor B,25.51,Rising
231,2024-02-18 19:14:17.089176,Competitor C,23.51,Stable
232,2024-04-04 10:35:54.679460,Competitor C,22.6,Stable
233,2024-03-29 20:05:01.583006,Competitor B,15.13,Rising
234,2024-04-18 08:37:27.199260,Competitor B,21.88,Rising
235,2024-03-03 02:56:45.805436,Competitor A,11.19,Declining
236,2024-04-05 14:03:41.688737,Competitor B,14.59,Stable
237,2024-04-01 08:09:26.513497,Competitor B,40.21,Rising
238,2024-01-11 08:10:38.768584,Competitor B,11.37,Stable
239,2024-02-09 21:50:49.270597,Competitor B,41.03,Declining
240,2024-01-15 22:50:06.056388,Competitor B,16.36,Stable
241,2024-04-11 16:34:48.903630,Competitor A,21.56,Declining
242,2024-04-11 07:44:37.518060,Competitor B,27.02,Rising
243,2024-03-18 22:22:50.977852,Competitor C,21.17,Stable
244,2024-02-16 18:09:02.546415,Competitor A,35.1,Stable
245,2024-01-05 21:07:55.709790,Competitor B,19.5,Rising
246,2024-01-03 02:02:15.700237,Competitor C,21.72,Declining
247,2024-04-01 04:30:15.641694,Competitor A,24.33,Declining
248,2024-04-17 07:44:41.417902,Competitor B,29.96,Rising
249,2024-01-30 15:50:36.110023,Competitor B,11.07,Rising
250,2024-01-04 12:45:26.700723,Competitor B,25.06,Declining
251,2024-04-08 15:11:15.905243,Competitor B,47.28,Rising
252,2024-02-17 11:06:24.255302,Competitor B,49.09,Rising
253,2024-04-17 10:22:47.264722,Competitor B,38.89,Declining
254,2024-04-22 16:45:43.383703,Competitor C,36.6,Rising
255,2024-02-23 22:57:53.198967,Competitor C,16.99,Stable
256,2024-03-21 22:15:24.287410,Competitor A,10.49,Declining
257,2024-02-06 14:54:07.609564,Competitor C,46.43,Declining
258,2024-01-10 17:31:35.891551,Competitor C,21.22,Declining
259,2024-04-03 13:23:26.313973,Competitor B,37.48,Rising
260,2024-03-28 04:53:46.526297,Competitor A,32.76,Rising
261,2024-02-27 14:51:30.822437,Competitor A,35.57,Rising
262,2024-04-27 08:59:43.684559,Competitor B,37.68,Stable
263,2024-01-10 00:33:35.471831,Competitor C,32.85,Declining
264,2024-02-27 14:33:32.310730,Competitor B,14.2,Declining
265,2024-02-29 06:12:29.804272,Competitor B,42.55,Rising
266,2024-03-06 20:29:41.355442,Competitor A,27.88,Stable
267,2024-01-07 12:28:48.570113,Competitor B,28.55,Declining
268,2024-03-22 12:37:48.659954,Competitor A,41.43,Declining
269,2024-02-17 10:53:11.503645,Competitor A,35.24,Declining
270,2024-03-17 14:45:27.433547,Competitor B,38.25,Rising
271,2024-04-28 03:58:18.076293,Competitor B,37.75,Rising
272,2024-02-18 18:07:00.945646,Competitor B,29.13,Stable
273,2024-01-11 05:49:00.941745,Competitor B,26.19,Stable
274,2024-02-21 05:59:50.635058,Competitor B,28.67,Rising
275,2024-01-24 08:13:15.285398,Competitor C,16.39,Rising
276,2024-03-03 14:31:54.737714,Competitor C,49.03,Declining
277,2024-04-12 13:41:46.793146,Competitor B,26.87,Stable
278,2024-02-16 00:33:35.878417,Competitor A,49.1,Rising
279,2024-03-10 05:47:12.393910,Competitor B,19.04,Declining
280,2024-03-29 14:11:59.237853,Competitor C,29.82,Rising
281,2024-03-05 21:31:02.915292,Competitor B,49.14,Declining
282,2024-02-03 21:32:45.410198,Competitor A,33.6,Stable
283,2024-04-08 10:17:27.664930,Competitor A,40.38,Stable
284,2024-03-27 05:26:04.363389,Competitor A,40.78,Rising
285,2024-04-09 05:07:54.072792,Competitor A,14.51,Rising
286,2024-03-25 02:08:37.491640,Competitor A,24.54,Rising
287,2024-03-09 15:43:46.346518,Competitor B,48.31,Stable
288,2024-04-08 01:12:30.905797,Competitor A,49.15,Declining
289,2024-03-10 16:07:24.922952,Competitor B,40.74,Rising
290,2024-03-13 13:10:34.426080,Competitor C,21.22,Stable
291,2024-01-24 05:38:27.216107,Competitor B,28.68,Rising
292,2024-02-18 02:29:04.883296,Competitor A,46.74,Declining
293,2024-02-02 15:19:55.888985,Competitor C,43.75,Declining
294,2024-01-18 04:24:07.105786,Competitor A,27.46,Stable
295,2024-01-05 12:25:58.036870,Competitor B,28.09,Stable
296,2024-03-05 20:52:47.658514,Competitor A,39.15,Stable
297,2024-01-13 23:25:59.300835,Competitor A,33.33,Rising
298,2024-03-08 00:15:34.856178,Competitor B,46.28,Declining
299,2024-03-04 21:28:28.497318,Competitor B,21.04,Rising
300,2024-02-11 21:19:35.181055,Competitor C,23.99,Rising
301,2024-02-10 20:40:22.871894,Competitor C,18.69,Stable
302,2024-01-30 07:50:01.528819,Competitor C,15.07,Rising
303,2024-02-14 19:26:52.028171,Competitor B,39.11,Rising
304,2024-01-07 19:23:53.702638,Competitor C,15.02,Rising
305,2024-04-27 09:45:37.145496,Competitor C,37.09,Stable
306,2024-03-09 06:37:50.762402,Competitor C,11.06,Stable
307,2024-02-25 13:55:29.469386,Competitor C,48.2,Rising
308,2024-03-26 02:56:23.560790,Competitor A,42.42,Rising
309,2024-02-23 05:35:12.681568,Competitor A,40.37,Declining
310,2024-02-17 22:49:31.236911,Competitor A,20.27,Rising
311,2024-03-12 10:09:06.409650,Competitor B,16.96,Rising
312,2024-01-24 01:34:21.833591,Competitor C,11.0,Stable
313,2024-01-26 08:54:29.477729,Competitor C,13.89,Stable
314,2024-02-11 20:49:13.092612,Competitor B,14.58,Rising
315,2024-04-13 12:53:04.454294,Competitor C,46.88,Declining
316,2024-03-19 08:33:26.976371,Competitor B,37.36,Rising
317,2024-03-12 18:56:12.443004,Competitor B,40.2,Rising
318,2024-03-17 12:02:03.273704,Competitor A,36.23,Rising
319,2024-03-29 09:42:32.910121,Competitor A,43.15,Stable
320,2024-01-01 02:55:52.599723,Competitor C,49.1,Rising
321,2024-04-10 19:11:42.486459,Competitor C,26.7,Declining
322,2024-03-29 23:02:18.064735,Competitor A,18.77,Rising
323,2024-03-21 15:46:30.208743,Competitor A,19.03,Stable
324,2024-01-04 19:26:09.358862,Competitor C,21.5,Rising
325,2024-02-08 05:00:20.695084,Competitor C,11.6,Rising
326,2024-03-26 00:57:59.235104,Competitor C,26.09,Declining
327,2024-04-15 12:21:24.522858,Competitor A,42.25,Rising
328,2024-04-28 00:35:20.876791,Competitor C,49.99,Stable
329,2024-01-15 08:33:19.286180,Competitor A,24.5,Rising
330,2024-02-24 10:33:57.737421,Competitor A,32.76,Rising
331,2024-01-31 12:49:52.475284,Competitor B,28.32,Stable
332,2024-04-15 20:12:39.154306,Competitor C,24.99,Rising
333,2024-01-11 17:11:08.689699,Competitor A,19.76,Declining
334,2024-04-02 09:16:47.979174,Competitor A,13.89,Stable
335,2024-04-24 18:33:21.291557,Competitor A,32.15,Declining
336,2024-04-24 03:00:20.981568,Competitor B,45.35,Declining
337,2024-01-25 12:06:41.826946,Competitor B,33.38,Rising
338,2024-04-02 02:36:23.922292,Competitor B,26.69,Declining
339,2024-01-12 18:29:31.569330,Competitor C,33.42,Stable
340,2024-04-27 14:09:20.358432,Competitor C,24.96,Stable
341,2024-01-25 12:15:48.092339,Competitor C,47.76,Declining
342,2024-03-16 04:15:07.357901,Competitor B,28.94,Stable
343,2024-01-08 09:01:43.823651,Competitor B,48.79,Rising
344,2024-03-24 13:42:00.350169,Competitor C,43.68,Stable
345,2024-01-22 12:25:16.174295,Competitor C,26.95,Declining
346,2024-02-17 00:28:20.134435,Competitor A,25.3,Rising
347,2024-03-17 06:41:43.264015,Competitor B,19.52,Rising
348,2024-01-22 22:33:37.252784,Competitor B,18.97,Declining
349,2024-03-11 04:53:04.894297,Competitor A,29.46,Stable
350,2024-03-17 12:53:17.210716,Competitor A,44.41,Declining
351,2024-03-07 01:13:11.573097,Competitor A,18.55,Stable
352,2024-04-19 15:09:01.551746,Competitor C,40.62,Stable
353,2024-03-26 01:41:44.028921,Competitor B,24.99,Rising
354,2024-02-09 22:49:06.864202,Competitor B,14.95,Declining
355,2024-04-09 23:16:14.093082,Competitor B,43.53,Stable
356,2024-02-12 08:22:47.486182,Competitor A,26.23,Rising
357,2024-01-27 16:31:26.701180,Competitor B,11.73,Stable
358,2024-01-08 16:43:47.225818,Competitor C,25.78,Rising
359,2024-04-05 12:23:51.430530,Competitor C,13.83,Rising
360,2024-04-25 03:53:55.286095,Competitor A,47.12,Stable
361,2024-03-18 15:49:16.024443,Competitor B,13.14,Declining
362,2024-01-07 17:17:16.117121,Competitor B,17.9,Declining
363,2024-01-14 09:50:45.144015,Competitor A,13.06,Declining
364,2024-02-27 17:42:27.205095,Competitor B,29.71,Rising
365,2024-04-16 18:48:48.887029,Competitor B,35.94,Stable
366,2024-01-14 06:45:36.988590,Competitor B,28.14,Stable
367,2024-01-21 23:15:13.755229,Competitor A,15.12,Stable
368,2024-01-22 23:24:22.457869,Competitor A,43.44,Rising
369,2024-04-21 08:58:31.446197,Competitor A,48.56,Declining
370,2024-01-16 13:01:26.811816,Competitor A,47.7,Rising
371,2024-01-19 01:41:32.825059,Competitor B,46.18,Rising
372,2024-01-11 06:42:23.673500,Competitor B,49.22,Rising
373,2024-03-20 14:06:00.971496,Competitor C,46.89,Rising
374,2024-02-17 00:11:02.114101,Competitor A,36.42,Rising
375,2024-03-24 13:01:32.039818,Competitor B,23.63,Declining
376,2024-04-01 18:50:46.603108,Competitor B,32.1,Rising
377,2024-01-13 00:54:35.471683,Competitor C,12.1,Rising
378,2024-01-09 07:37:32.334272,Competitor B,14.92,Rising
379,2024-04-25 11:24:04.306133,Competitor A,36.96,Stable
380,2024-04-14 02:12:11.233795,Competitor B,39.61,Rising
381,2024-04-14 11:42:39.919092,Competitor B,30.57,Rising
382,2024-04-11 01:44:40.945102,Competitor C,48.44,Stable
383,2024-04-27 22:29:45.469514,Competitor C,27.92,Rising
384,2024-02-02 19:46:30.635275,Competitor C,37.06,Stable
385,2024-03-08 13:02:39.080165,Competitor B,22.55,Stable
386,2024-04-03 10:03:57.378427,Competitor A,31.1,Rising
387,2024-01-16 10:30:51.103109,Competitor C,10.82,Rising
388,2024-04-09 19:34:59.984639,Competitor A,39.1,Declining
389,2024-03-09 14:04:02.138960,Competitor C,32.36,Stable
390,2024-03-06 20:54:21.209751,Competitor A,18.57,Declining
391,2024-04-20 00:19:53.783053,Competitor B,40.05,Rising
392,2024-01-03 03:35:10.928871,Competitor B,10.33,Declining
393,2024-01-14 15:36:08.647201,Competitor B,38.4,Rising
394,2024-01-30 03:50:26.682821,Competitor A,22.19,Stable
395,2024-03-19 21:33:31.897826,Competitor B,43.9,Rising
396,2024-01-23 17:45:12.961973,Competitor A,22.39,Rising
397,2024-01-26 16:43:41.271660,Competitor C,44.53,Rising
398,2024-01-15 10:05:10.018233,Competitor A,12.3,Rising
399,2024-01-07 23:42:19.557661,Competitor C,24.91,Rising
400,2024-03-18 06:43:30.680122,Competitor A,27.85,Stable
401,2024-02-04 03:15:47.777578,Competitor A,44.15,Rising
402,2024-01-09 23:08:17.888057,Competitor C,15.99,Rising
403,2024-04-02 09:23:14.369745,Competitor B,18.21,Stable
404,2024-01-25 00:02:10.986238,Competitor B,49.61,Rising
405,2024-03-26 23:06:34.437206,Competitor A,16.6,Declining
406,2024-04-02 06:31:29.955009,Competitor B,22.34,Rising
407,2024-03-22 10:45:10.544490,Competitor B,28.64,Declining
408,2024-01-03 22:14:16.481497,Competitor A,15.08,Rising
409,2024-03-27 03:09:04.617146,Competitor B,18.05,Declining
410,2024-04-03 19:08:43.872073,Competitor B,23.37,Declining
411,2024-04-09 23:31:10.395450,Competitor C,17.35,Stable
412,2024-03-12 01:05:27.840301,Competitor A,30.25,Stable
413,2024-01-31 10:50:00.421464,Competitor B,39.13,Rising
414,2024-02-27 20:10:29.931757,Competitor B,24.92,Declining
415,2024-03-10 08:40:01.578790,Competitor A,42.96,Rising
416,2024-01-11 08:25:52.878430,Competitor B,26.19,Stable
417,2024-03-30 05:56:18.391109,Competitor B,19.2,Declining
418,2024-04-17 19:52:51.946293,Competitor A,41.01,Declining
419,2024-03-01 06:52:01.323092,Competitor B,35.9,Rising
420,2024-01-16 22:08:54.154096,Competitor B,44.18,Declining
421,2024-01-17 14:36:28.241407,Competitor B,34.84,Rising
422,2024-01-09 10:22:30.721588,Competitor C,16.0,Stable
423,2024-01-24 22:41:08.081481,Competitor C,39.13,Declining
424,2024-01-21 05:30:38.173486,Competitor A,10.01,Declining
425,2024-01-26 19:57:33.170295,Competitor C,31.56,Declining
426,2024-01-23 08:17:39.771972,Competitor A,38.73,Rising
427,2024-01-03 00:03:08.331635,Competitor A,17.37,Declining
428,2024-03-12 14:32:43.865077,Competitor A,49.26,Rising
429,2024-04-04 03:29:14.766124,Competitor B,35.63,Stable
430,2024-03-30 05:56:42.623064,Competitor C,43.19,Rising
431,2024-01-19 15:27:30.241490,Competitor A,49.6,Rising
432,2024-02-04 02:07:04.066774,Competitor C,25.38,Stable
433,2024-02-26 15:53:44.131010,Competitor A,38.52,Stable
434,2024-01-18 17:38:40.496133,Competitor B,11.46,Stable
435,2024-02-12 03:30:28.812290,Competitor A,19.49,Stable
436,2024-01-13 17:26:59.117894,Competitor C,23.97,Stable
437,2024-04-07 08:38:39.173646,Competitor B,33.18,Rising
438,2024-01-19 04:40:30.860929,Competitor A,27.35,Stable
439,2024-01-25 06:49:32.570163,Competitor A,17.58,Declining
440,2024-04-24 16:12:26.105636,Competitor C,27.25,Declining
441,2024-04-05 11:26:34.325723,Competitor C,29.32,Declining
442,2024-03-13 04:26:06.078847,Competitor B,46.99,Stable
443,2024-01-25 13:31:41.757011,Competitor B,35.03,Rising
444,2024-01-01 14:18:19.071849,Competitor B,20.31,Rising
445,2024-03-04 20:07:55.279347,Competitor B,36.1,Stable
446,2024-04-01 07:28:32.610075,Competitor C,42.27,Rising
447,2024-02-05 10:13:26.262924,Competitor B,38.04,Stable
448,2024-01-16 00:36:35.782881,Competitor C,36.86,Rising
449,2024-02-01 06:08:18.272445,Competitor A,10.65,Rising
450,2024-02-09 10:12:12.469492,Competitor A,49.26,Declining
451,2024-02-14 23:03:12.810613,Competitor A,20.67,Declining
452,2024-02-16 06:32:17.952727,Competitor A,15.45,Rising
453,2024-03-27 19:19:30.355309,Competitor A,32.18,Stable
454,2024-03-09 02:31:30.843577,Competitor C,35.48,Rising
455,2024-04-02 05:51:15.738298,Competitor C,37.13,Stable
456,2024-04-21 00:02:33.900339,Competitor C,38.12,Rising
457,2024-01-05 11:15:23.545204,Competitor B,22.27,Declining
458,2024-01-24 14:28:01.130780,Competitor B,29.94,Stable
459,2024-04-17 08:11:55.493520,Competitor B,35.57,Stable
460,2024-03-24 16:37:39.337885,Competitor B,38.86,Declining
461,2024-04-26 11:55:47.097564,Competitor B,48.89,Declining
462,2024-02-09 10:16:14.431292,Competitor A,28.91,Declining
463,2024-04-22 06:01:37.648175,Competitor B,47.45,Rising
464,2024-03-12 14:27:46.907590,Competitor A,29.96,Declining
465,2024-04-09 21:35:23.744349,Competitor C,45.13,Stable
466,2024-02-24 17:18:37.755841,Competitor A,33.18,Declining
467,2024-03-16 19:10:08.142982,Competitor B,37.56,Declining
468,2024-01-17 08:20:48.619946,Competitor A,18.87,Rising
469,2024-03-31 21:24:44.290785,Competitor B,44.65,Rising
470,2024-02-06 02:26:29.373238,Competitor C,13.59,Rising
471,2024-03-12 09:14:49.087114,Competitor A,39.54,Declining
472,2024-01-10 17:15:41.115171,Competitor C,12.35,Stable
473,2024-04-25 15:09:15.987359,Competitor C,35.15,Rising
474,2024-01-03 22:42:04.377071,Competitor B,18.83,Declining
475,2024-03-26 18:09:37.488200,Competitor A,47.0,Rising
476,2024-03-13 13:25:04.150853,Competitor C,15.1,Declining
477,2024-04-26 00:39:45.270808,Competitor B,15.64,Stable
478,2024-03-15 01:08:52.694611,Competitor A,22.01,Declining
479,2024-04-17 00:44:37.898491,Competitor C,28.96,Rising
480,2024-01-01 12:11:00.284147,Competitor A,17.45,Stable
481,2024-01-04 04:16:00.206721,Competitor B,11.68,Stable
482,2024-03-29 09:00:20.561646,Competitor C,34.07,Rising
483,2024-04-27 04:39:34.752418,Competitor B,15.15,Rising
484,2024-03-08 12:23:04.650479,Competitor C,19.53,Rising
485,2024-03-05 13:17:06.997255,Competitor A,28.9,Rising
486,2024-01-19 07:22:39.534216,Competitor A,21.76,Declining
487,2024-03-25 10:02:50.203261,Competitor C,41.6,Rising
488,2024-03-28 04:06:44.038015,Competitor C,21.46,Declining
489,2024-02-05 21:36:00.211209,Competitor C,49.56,Stable
490,2024-04-24 06:57:23.334471,Competitor C,27.87,Rising
491,2024-02-10 17:42:05.776947,Competitor B,21.72,Rising
492,2024-04-16 07:15:26.722669,Competitor A,46.09,Rising
493,2024-01-09 03:50:34.045308,Competitor C,42.97,Rising
494,2024-02-18 06:22:42.014741,Competitor B,24.54,Stable
495,2024-01-24 09:41:40.366827,Competitor B,16.68,Stable
496,2024-01-03 22:28:47.522675,Competitor A,19.18,Stable
497,2024-04-25 00:04:17.824473,Competitor A,16.81,Stable
498,2024-03-17 12:12:59.808245,Competitor A,38.24,Declining
499,2024-03-01 11:59:25.540034,Competitor C,45.04,Rising
500,2024-04-12 01:34:30.731645,Competitor B,45.61,Rising
501,2024-02-14 06:26:26.645724,Competitor B,31.84,Declining
502,2024-01-08 23:44:44.266197,Competitor A,28.08,Declining
503,2024-01-06 12:07:01.941675,Competitor A,31.46,Stable
504,2024-02-26 00:23:00.974786,Competitor B,48.16,Stable
505,2024-03-25 23:15:28.998411,Competitor C,36.95,Stable
506,2024-04-19 13:14:50.151135,Competitor B,12.87,Declining
507,2024-01-21 16:48:23.482038,Competitor C,23.01,Declining
508,2024-01-26 08:53:32.033787,Competitor A,14.66,Stable
509,2024-03-04 11:55:27.455229,Competitor C,25.37,Rising
510,2024-03-01 08:55:25.390326,Competitor B,43.59,Declining
511,2024-02-09 10:06:35.781487,Competitor C,41.89,Stable
512,2024-01-03 14:53:29.895318,Competitor A,19.79,Rising
513,2024-03-10 15:56:50.966502,Competitor B,26.91,Stable
514,2024-03-13 16:05:16.368163,Competitor B,24.79,Declining
515,2024-02-17 04:32:17.549779,Competitor C,49.06,Stable
516,2024-02-20 01:40:41.982252,Competitor C,38.6,Rising
517,2024-03-18 11:13:37.410030,Competitor C,20.0,Declining
518,2024-01-05 14:40:10.677981,Competitor A,16.0,Stable
519,2024-01-07 09:14:49.512605,Competitor A,37.09,Rising
520,2024-01-23 19:13:02.544724,Competitor B,17.2,Stable
521,2024-01-08 08:17:05.153713,Competitor A,21.02,Rising
522,2024-02-03 02:51:06.199789,Competitor B,30.36,Stable
523,2024-02-05 03:45:42.215651,Competitor B,42.3,Declining
524,2024-04-29 13:30:40.144067,Competitor A,12.73,Rising
525,2024-02-05 04:30:48.610422,Competitor B,47.81,Stable
526,2024-04-13 07:29:41.865528,Competitor B,31.73,Rising
527,2024-01-02 23:56:29.201853,Competitor C,41.19,Rising
528,2024-01-21 22:31:43.946903,Competitor A,20.91,Declining
529,2024-02-24 21:50:00.000130,Competitor A,17.99,Stable
530,2024-03-22 12:25:58.213805,Competitor A,17.42,Rising
531,2024-04-08 09:42:13.822138,Competitor C,40.26,Rising
532,2024-03-31 07:13:06.706578,Competitor A,37.26,Rising
533,2024-03-15 17:23:52.188508,Competitor C,30.13,Rising
534,2024-02-10 15:00:13.800526,Competitor C,34.75,Declining
535,2024-01-24 17:40:16.279924,Competitor C,29.21,Stable
536,2024-04-22 17:22:26.267388,Competitor C,44.94,Stable
537,2024-02-28 07:14:47.138872,Competitor B,42.31,Rising
538,2024-02-24 02:40:08.813365,Competitor A,28.64,Stable
539,2024-03-09 07:12:12.233419,Competitor C,39.03,Rising
540,2024-03-23 06:08:13.737550,Competitor B,45.95,Rising
541,2024-02-07 20:02:18.512212,Competitor A,24.03,Stable
542,2024-03-05 18:11:08.533051,Competitor C,26.88,Rising
543,2024-04-26 04:42:05.212483,Competitor B,47.82,Rising
544,2024-04-13 04:01:32.923282,Competitor B,12.82,Stable
545,2024-03-28 03:37:57.438999,Competitor B,28.02,Declining
546,2024-02-29 12:38:22.788189,Competitor A,16.92,Declining
547,2024-01-06 01:30:20.718293,Competitor C,34.67,Declining
548,2024-03-30 23:57:24.299281,Competitor C,27.38,Rising
549,2024-01-19 09:18:28.917395,Competitor C,36.73,Declining
550,2024-02-09 05:12:31.558411,Competitor C,10.72,Rising
551,2024-01-05 00:16:59.701196,Competitor B,27.36,Rising
552,2024-01-06 13:45:33.129035,Competitor B,39.03,Stable
553,2024-03-16 02:33:10.622990,Competitor A,26.33,Declining
554,2024-01-29 19:57:48.708913,Competitor A,35.8,Stable
555,2024-01-10 11:35:17.650027,Competitor B,11.74,Declining
556,2024-01-13 16:44:13.880437,Competitor C,20.13,Stable
557,2024-04-22 22:47:17.103743,Competitor B,17.52,Stable
558,2024-03-09 23:05:06.074587,Competitor C,20.41,Rising
559,2024-02-07 07:56:09.809093,Competitor B,34.52,Declining
560,2024-01-21 05:06:15.069748,Competitor B,24.41,Stable
561,2024-02-26 05:38:22.154498,Competitor B,13.04,Stable
562,2024-04-12 12:30:35.885189,Competitor B,27.34,Stable
563,2024-03-29 01:05:26.809338,Competitor C,38.36,Stable
564,2024-01-04 22:59:29.016705,Competitor B,41.1,Rising
565,2024-01-24 02:02:18.833488,Competitor B,15.41,Stable
566,2024-01-09 20:06:44.151348,Competitor A,36.06,Rising
567,2024-01-18 02:11:22.189374,Competitor B,17.07,Rising
568,2024-01-06 13:39:10.881071,Competitor A,23.96,Stable
569,2024-03-14 03:57:23.158440,Competitor A,10.11,Rising
570,2024-01-24 07:11:37.168539,Competitor B,24.2,Stable
571,2024-01-16 00:10:04.077874,Competitor A,33.67,Declining
572,2024-03-02 06:46:57.231114,Competitor B,30.52,Rising
573,2024-02-23 09:28:56.343650,Competitor A,29.89,Rising
574,2024-01-09 07:40:15.547136,Competitor A,48.79,Declining
575,2024-04-11 18:55:49.005986,Competitor B,24.08,Stable
576,2024-01-27 22:04:49.524799,Competitor C,25.17,Stable
577,2024-04-02 14:50:44.129391,Competitor C,15.4,Stable
578,2024-04-29 14:45:47.437288,Competitor A,28.24,Stable
579,2024-04-08 13:53:16.123854,Competitor A,46.89,Rising
580,2024-04-06 13:48:01.465682,Competitor A,21.85,Rising
581,2024-04-26 21:16:46.900381,Competitor A,43.94,Rising
582,2024-03-23 15:13:06.691419,Competitor A,18.14,Rising
583,2024-02-28 13:44:02.439516,Competitor C,39.53,Declining
584,2024-04-08 14:18:30.200487,Competitor B,44.14,Stable
585,2024-03-07 22:48:50.002064,Competitor C,39.21,Declining
586,2024-02-25 19:36:24.299053,Competitor B,31.72,Stable
587,2024-01-18 00:00:19.461098,Competitor C,14.47,Declining
588,2024-01-24 12:07:43.436617,Competitor B,23.73,Stable
589,2024-02-10 05:25:06.679322,Competitor A,32.98,Rising
590,2024-02-27 05:58:49.910177,Competitor B,32.06,Stable
591,2024-02-25 00:56:58.077190,Competitor A,24.0,Declining
592,2024-03-25 07:29:21.016570,Competitor C,21.81,Stable
593,2024-02-08 15:10:12.853867,Competitor B,31.9,Declining
594,2024-01-23 18:23:38.388525,Competitor C,16.01,Rising
595,2024-04-07 08:41:08.336965,Competitor A,13.81,Stable
596,2024-01-15 01:21:42.539915,Competitor A,49.43,Rising
597,2024-04-28 00:08:38.882782,Competitor B,42.42,Declining
598,2024-04-26 16:44:38.019294,Competitor A,30.67,Rising
599,2024-04-13 17:48:29.625472,Competitor A,32.11,Declining
600,2024-02-29 10:20:28.098321,Competitor C,28.45,Rising
601,2024-02-12 20:40:24.430496,Competitor A,21.55,Rising
602,2024-02-20 16:16:24.526557,Competitor B,16.29,Rising
603,2024-03-31 19:59:37.133641,Competitor A,39.54,Declining
604,2024-02-17 12:09:02.945649,Competitor B,38.48,Declining
605,2024-04-20 03:52:01.191334,Competitor B,48.84,Stable
606,2024-02-09 07:00:57.521103,Competitor A,16.97,Rising
607,2024-02-11 06:15:29.557765,Competitor A,17.08,Rising
608,2024-04-02 22:59:20.945917,Competitor A,36.24,Rising
609,2024-01-20 03:12:34.277426,Competitor A,33.42,Rising
610,2024-04-11 09:24:27.273915,Competitor B,47.29,Declining
611,2024-02-14 02:50:40.362954,Competitor B,35.97,Rising
612,2024-04-26 20:12:13.581539,Competitor B,10.14,Stable
613,2024-01-10 17:41:09.303878,Competitor A,16.7,Rising
614,2024-01-09 01:37:07.055774,Competitor A,10.79,Stable
615,2024-03-05 03:22:08.864962,Competitor B,18.95,Rising
616,2024-03-11 13:49:36.441996,Competitor C,33.65,Stable
617,2024-04-03 20:10:12.117004,Competitor A,34.67,Stable
618,2024-04-05 07:28:06.363716,Competitor B,17.19,Declining
619,2024-01-10 19:47:51.519758,Competitor C,21.84,Stable
620,2024-04-24 08:11:47.061434,Competitor A,33.72,Rising
621,2024-03-22 02:29:01.602485,Competitor B,10.24,Declining
622,2024-04-28 03:16:15.737356,Competitor C,10.31,Declining
623,2024-04-05 19:33:57.184393,Competitor A,41.96,Stable
624,2024-04-25 23:33:11.286234,Competitor B,23.95,Declining
625,2024-01-06 08:51:33.058760,Competitor B,25.79,Stable
626,2024-03-17 02:56:38.012720,Competitor B,30.29,Rising
627,2024-04-08 13:03:02.452209,Competitor C,43.2,Declining
628,2024-04-24 12:13:07.450098,Competitor B,36.82,Stable
629,2024-03-02 16:30:10.666177,Competitor B,40.08,Rising
630,2024-01-11 04:09:57.328984,Competitor C,39.71,Rising
631,2024-04-27 13:15:54.789888,Competitor C,46.23,Rising
632,2024-03-27 08:18:59.015869,Competitor C,40.01,Declining
633,2024-03-19 06:29:06.977192,Competitor C,35.26,Stable
634,2024-03-28 09:23:10.375054,Competitor B,30.0,Stable
635,2024-03-14 12:59:27.599616,Competitor C,18.51,Rising
636,2024-04-27 19:46:28.236752,Competitor A,42.52,Stable
637,2024-01-29 00:27:23.639727,Competitor B,15.45,Rising
638,2024-01-17 17:48:56.975783,Competitor C,38.83,Rising
639,2024-03-27 00:47:59.685895,Competitor C,38.06,Rising
640,2024-02-20 01:59:38.308749,Competitor A,37.53,Stable
641,2024-01-26 18:17:23.009571,Competitor A,24.73,Rising
642,2024-04-04 02:46:29.704883,Competitor A,18.51,Rising
643,2024-02-14 23:56:14.799659,Competitor A,26.62,Stable
644,2024-02-18 17:16:22.393667,Competitor A,17.74,Rising
645,2024-02-16 11:35:53.229663,Competitor C,24.06,Declining
646,2024-04-14 02:37:21.989794,Competitor A,23.95,Declining
647,2024-02-13 10:39:55.281912,Competitor B,28.17,Stable
648,2024-03-27 10:05:08.620477,Competitor A,48.11,Declining
649,2024-03-06 16:13:33.005626,Competitor C,28.4,Declining
650,2024-02-26 16:59:24.601653,Competitor C,34.2,Stable
651,2024-03-25 23:25:28.264383,Competitor A,42.64,Stable
652,2024-02-16 13:17:37.435418,Competitor B,43.18,Declining
653,2024-04-15 03:49:21.666555,Competitor C,43.61,Stable
654,2024-01-13 12:17:57.965761,Competitor A,46.41,Declining
655,2024-02-11 11:52:02.179474,Competitor C,15.77,Rising
656,2024-04-04 16:35:51.896345,Competitor B,26.29,Stable
657,2024-02-17 20:20:53.497837,Competitor C,47.63,Rising
658,2024-01-01 16:22:25.553617,Competitor A,15.6,Rising
659,2024-02-08 13:18:51.698186,Competitor C,11.54,Stable
660,2024-04-19 07:49:25.637767,Competitor A,15.36,Declining
661,2024-02-03 20:02:55.880056,Competitor B,41.65,Rising
662,2024-02-11 13:18:59.874824,Competitor B,30.78,Stable
663,2024-02-12 01:20:24.835119,Competitor C,11.33,Rising
664,2024-01-05 08:23:16.492735,Competitor C,21.33,Stable
665,2024-02-07 02:02:38.665412,Competitor C,25.61,Rising
666,2024-03-28 06:43:25.966078,Competitor C,17.62,Declining
667,2024-01-20 10:29:56.368459,Competitor A,30.61,Stable
668,2024-01-26 19:08:03.070808,Competitor C,47.89,Stable
669,2024-02-02 13:23:02.529047,Competitor C,42.96,Stable
670,2024-04-29 21:41:47.235251,Competitor A,19.79,Rising
671,2024-03-11 12:07:39.112756,Competitor B,48.8,Declining
672,2024-03-15 11:10:01.515822,Competitor C,20.87,Declining
673,2024-02-29 02:06:01.926619,Competitor B,29.67,Stable
674,2024-02-04 04:43:47.212053,Competitor C,39.43,Declining
675,2024-01-09 22:34:18.792268,Competitor A,16.75,Stable
676,2024-03-15 20:03:46.289244,Competitor C,16.7,Declining
677,2024-04-24 13:14:12.665349,Competitor B,17.38,Declining
678,2024-02-16 15:28:05.165100,Competitor A,40.65,Stable
679,2024-02-07 20:11:00.641125,Competitor B,21.76,Stable
680,2024-03-18 06:33:23.715692,Competitor C,23.46,Declining
681,2024-03-27 15:22:26.732466,Competitor B,38.01,Declining
682,2024-02-12 07:39:45.250748,Competitor B,23.15,Declining
683,2024-02-14 19:13:12.948505,Competitor C,27.92,Stable
684,2024-04-14 05:45:04.677875,Competitor C,47.38,Declining
685,2024-03-23 22:25:55.520319,Competitor A,23.14,Stable
686,2024-04-01 13:25:42.798496,Competitor B,29.47,Rising
687,2024-03-01 22:23:21.317313,Competitor C,39.85,Declining
688,2024-02-08 19:55:59.150774,Competitor B,42.32,Declining
689,2024-01-06 10:14:30.169391,Competitor B,18.05,Stable
690,2024-04-13 20:17:38.238472,Competitor C,11.83,Rising
691,2024-03-23 21:55:16.514572,Competitor B,31.25,Stable
692,2024-03-08 08:29:36.232895,Competitor A,37.65,Declining
693,2024-04-26 14:20:32.428148,Competitor B,28.18,Declining
694,2024-04-13 20:49:35.764023,Competitor A,33.42,Rising
695,2024-03-11 18:48:25.986509,Competitor A,46.79,Rising
696,2024-01-01 03:11:22.264488,Competitor A,39.0,Rising
697,2024-04-16 14:10:14.739485,Competitor C,26.82,Rising
698,2024-02-10 13:01:05.485665,Competitor B,26.78,Stable
699,2024-01-07 23:11:11.292232,Competitor A,30.2,Rising
700,2024-04-13 12:53:17.090016,Competitor B,14.6,Declining
