SupplierID,SupplierName,ContactEmail,Region
300,Supplier 300,contact300@fabrikam.com,North America
301,Supplier 301,contact301@fabrikam.com,North America
302,Supplier 302,contact302@fabrikam.com,Asia
303,Supplier 303,contact303@fabrikam.com,Asia
304,Supplier 304,contact304@fabrikam.com,Europe
305,Supplier 305,contact305@fabrikam.com,Asia
306,Supplier 306,contact306@fabrikam.com,Asia
307,Supplier 307,contact307@fabrikam.com,South America
308,Supplier 308,contact308@fabrikam.com,Europe
309,Supplier 309,contact309@fabrikam.com,South America
310,Supplier 310,contact310@fabrikam.com,South America
311,Supplier 311,contact311@fabrikam.com,Asia
312,Supplier 312,contact312@fabrikam.com,North America
313,Supplier 313,contact313@fabrikam.com,North America
314,Supplier 314,contact314@fabrikam.com,Europe
315,Supplier 315,contact315@fabrikam.com,North America
316,Supplier 316,contact316@fabrikam.com,North America
317,Supplier 317,contact317@fabrikam.com,Asia
318,Supplier 318,contact318@fabrikam.com,North America
319,Supplier 319,contact319@fabrikam.com,North America
320,Supplier 320,contact320@fabrikam.com,Asia
321,Supplier 321,contact321@fabrikam.com,South America
322,Supplier 322,contact322@fabrikam.com,South America
323,Supplier 323,contact323@fabrikam.com,North America
324,Supplier 324,contact324@fabrikam.com,North America
325,Supplier 325,contact325@fabrikam.com,North America
326,Supplier 326,contact326@fabrikam.com,South America
327,Supplier 327,contact327@fabrikam.com,North America
328,Supplier 328,contact328@fabrikam.com,Asia
329,Supplier 329,contact329@fabrikam.com,Europe
330,Supplier 330,contact330@fabrikam.com,Asia
331,Supplier 331,contact331@fabrikam.com,Europe
332,Supplier 332,contact332@fabrikam.com,South America
333,Supplier 333,contact333@fabrikam.com,North America
334,Supplier 334,contact334@fabrikam.com,South America
335,Supplier 335,contact335@fabrikam.com,South America
336,Supplier 336,contact336@fabrikam.com,North America
337,Supplier 337,contact337@fabrikam.com,Europe
338,Supplier 338,contact338@fabrikam.com,North America
339,Supplier 339,contact339@fabrikam.com,Europe
340,Supplier 340,contact340@fabrikam.com,South America
341,Supplier 341,contact341@fabrikam.com,Asia
342,Supplier 342,contact342@fabrikam.com,South America
343,Supplier 343,contact343@fabrikam.com,Europe
344,Supplier 344,contact344@fabrikam.com,South America
345,Supplier 345,contact345@fabrikam.com,South America
346,Supplier 346,contact346@fabrikam.com,Asia
347,Supplier 347,contact347@fabrikam.com,Europe
348,Supplier 348,contact348@fabrikam.com,Asia
349,Supplier 349,contact349@fabrikam.com,South America
350,Supplier 350,contact350@fabrikam.com,North America
351,Supplier 351,contact351@fabrikam.com,North America
352,Supplier 352,contact352@fabrikam.com,South America
353,Supplier 353,contact353@fabrikam.com,South America
354,Supplier 354,contact354@fabrikam.com,South America
355,Supplier 355,contact355@fabrikam.com,South America
356,Supplier 356,contact356@fabrikam.com,North America
357,Supplier 357,contact357@fabrikam.com,North America
358,Supplier 358,contact358@fabrikam.com,South America
359,Supplier 359,contact359@fabrikam.com,North America
360,Supplier 360,contact360@fabrikam.com,Asia
361,Supplier 361,contact361@fabrikam.com,North America
362,Supplier 362,contact362@fabrikam.com,Europe
363,Supplier 363,contact363@fabrikam.com,Europe
364,Supplier 364,contact364@fabrikam.com,South America
365,Supplier 365,contact365@fabrikam.com,North America
366,Supplier 366,contact366@fabrikam.com,South America
367,Supplier 367,contact367@fabrikam.com,Asia
368,Supplier 368,contact368@fabrikam.com,Asia
369,Supplier 369,contact369@fabrikam.com,North America
370,Supplier 370,contact370@fabrikam.com,North America
371,Supplier 371,contact371@fabrikam.com,Europe
372,Supplier 372,contact372@fabrikam.com,Asia
373,Supplier 373,contact373@fabrikam.com,Asia
374,Supplier 374,contact374@fabrikam.com,Europe
375,Supplier 375,contact375@fabrikam.com,South America
376,Supplier 376,contact376@fabrikam.com,Europe
377,Supplier 377,contact377@fabrikam.com,Asia
378,Supplier 378,contact378@fabrikam.com,South America
379,Supplier 379,contact379@fabrikam.com,North America
380,Supplier 380,contact380@fabrikam.com,South America
381,Supplier 381,contact381@fabrikam.com,Asia
382,Supplier 382,contact382@fabrikam.com,Asia
383,Supplier 383,contact383@fabrikam.com,Europe
384,Supplier 384,contact384@fabrikam.com,Asia
385,Supplier 385,contact385@fabrikam.com,South America
386,Supplier 386,contact386@fabrikam.com,South America
387,Supplier 387,contact387@fabrikam.com,Europe
388,Supplier 388,contact388@fabrikam.com,Asia
389,Supplier 389,contact389@fabrikam.com,Asia
390,Supplier 390,contact390@fabrikam.com,South America
391,Supplier 391,contact391@fabrikam.com,Asia
392,Supplier 392,contact392@fabrikam.com,South America
393,Supplier 393,contact393@fabrikam.com,North America
394,Supplier 394,contact394@fabrikam.com,South America
395,Supplier 395,contact395@fabrikam.com,South America
396,Supplier 396,contact396@fabrikam.com,Europe
397,Supplier 397,contact397@fabrikam.com,South America
398,Supplier 398,contact398@fabrikam.com,South America
399,Supplier 399,contact399@fabrikam.com,North America
